{
    "loss": 9.77938461303711,
    "accuracy": 0.690077006816864
}