{
    "loss": 5.198278903961182,
    "accuracy": 0.7245129346847534
}